<beans:beans
	xmlns="http://www.springframework.org/schema/security"
	xmlns:beans="http://www.springframework.org/schema/beans"
	xmlns:xsi="http://www.w3.org/2001/XMLSchema-instance"
	xsi:schemaLocation="http://www.springframework.org/schema/beans
	http://www.springframework.org/schema/beans/spring-beans-3.0.xsd
	http://www.springframework.org/schema/security
	http://www.springframework.org/schema/security/spring-security-3.2.xsd">

	<http auto-config="true">
		<intercept-url pattern="/admin**" access="ROLE_USER" />
		<intercept-url pattern="/hello**" access="ROLE_ADMIN" />
		<form-login login-page="/login"
			default-target-url="/welcome"
			authentication-failure-url="/login?error"
			username-parameter="username" password-parameter="password" />
		<logout logout-success-url="/login?logout" />
		<!-- enable csrf protection -->
		<csrf />

	</http>

	<authentication-manager>
		<authentication-provider>
			<user-service>
				<user name="tufail" password="ahmed" authorities="ROLE_USER" />
				<user name="neha" password="agrawal" authorities="ROLE_ADMIN" />
			</user-service>
		</authentication-provider>
	</authentication-manager>

</beans:beans>